Rv0001	ES
Rv0002	ES
Rv0003	NE
Rv0004	NE
Rv0005	ES
Rv0006	ES
Rv0007	NE
Rv0008c	NE
Rv0009	NE
Rv0010c	NE
Rv0011c	NE
Rv0012	NE
Rv0013	ES
Rv0014c	ES
Rv0015c	ES
Rv0016c	NE
Rv0017c	NE
Rv0018c	ESD
Rv0019c	NE
Rv0020c	ESD
Rv0021c	NE
Rv0022c	NE
Rv0023	GD
Rv0024	NE
Rv0025	NE
Rv0026	NE
Rv0027	NE
Rv0028	NE
Rv0029	NE
Rv0030	NE
Rv0031	Uncertain
Rv0032	NE
Rv0033	NE
Rv0034	NE
Rv0035	NE
Rv0036c	NE
Rv0037c	NE
Rv0038	NE
Rv0039c	NE
Rv0040c	NE
Rv0041	ES
Rv0042c	NE
Rv0043c	NE
Rv0044c	NE
Rv0045c	NE
Rv0046c	ES
Rv0047c	NE
Rv0048c	NE
Rv0049	NE
Rv0050	NE
Rv0051	NE
Rv0052	NE
Rv0053	ES
Rv0054	ES
Rv0055	ES
Rv0056	NE
Rv0057	NE
Rv0058	ES
Rv0059	GA
Rv0060	ES
Rv0061c	NE
Rv0062	NE
Rv0063	NE
Rv0064	NE
Rv0064A	NE
Rv0065	NE
Rv0066c	NE
Rv0067c	NE
Rv0068	NE
Rv0069c	NE
Rv0070c	NE
Rv0071	NE
Rv0072	NE
Rv0073	NE
Rv0074	NE
Rv0075	NE
Rv0076c	NE
Rv0077c	NE
Rv0078	NE
Rv0078A	NE
Rv0078B	NE
Rv0079	NE
Rv0080	NE
Rv0081	NE
Rv0082	NE
Rv0083	NE
Rv0084	NE
Rv0085	NE
Rv0086	NE
Rv0087	NE
Rv0088	NE
Rv0089	NE
Rv0090	NE
Rv0091	NE
Rv0092	NE
Rv0093c	NE
Rv0094c	NE
Rv0095c	NE
Rv0096	NE
Rv0097	NE
Rv0098	NE
Rv0099	NE
Rv0100	NE
Rv0101	NE
Rv0102	ES
Rv0103c	NE
Rv0104	NE
Rv0105c	NE
Rv0106	NE
Rv0107c	NE
Rv0108c	NE
Rv0109	NE
Rv0110	NE
Rv0111	NE
Rv0112	NE
Rv0113	NE
Rv0114	NE
Rv0115	NE
Rv0116c	NE
Rv0117	NE
Rv0118c	NE
Rv0119	NE
Rv0120c	NE
Rv0121c	NE
Rv0122	NE
Rv0123	NE
Rv0124	NE
Rv0125	NE
Rv0126	NE
Rv0127	NE
Rv0128	NE
Rv0129c	NE
Rv0130	NE
Rv0131c	NE
Rv0132c	NE
Rv0133	NE
Rv0134	NE
Rv0135c	NE
Rv0136	NE
Rv0137c	NE
Rv0138	GA
Rv0139	GA
Rv0140	NE
Rv0141c	NE
Rv0142	NE
Rv0143c	NE
Rv0144	NE
Rv0145	NE
Rv0146	GA
Rv0147	GA
Rv0148	GA
Rv0149	GA
Rv0150c	GA
Rv0151c	GA
Rv0152c	GA
Rv0153c	NE
Rv0154c	NE
Rv0155	NE
Rv0156	Uncertain
Rv0157	NE
Rv0157A	NE
Rv0158	GA
Rv0159c	GA
Rv0160c	GA
Rv0161	NE
Rv0162c	NE
Rv0163	NE
Rv0164	ES
Rv0165c	NE
Rv0166	NE
Rv0167	NE
Rv0168	NE
Rv0169	NE
Rv0170	NE
Rv0171	NE
Rv0172	NE
Rv0173	NE
Rv0174	NE
Rv0175	NE
Rv0176	NE
Rv0177	NE
Rv0178	NE
Rv0179c	NE
Rv0180c	NE
Rv0181c	NE
Rv0182c	NE
Rv0183	NE
Rv0184	NE
Rv0185	NE
Rv0186	NE
Rv0186A	NE
Rv0187	NE
Rv0188	NE
Rv0189c	ES
Rv0190	GA
Rv0191	GA
Rv0192	GA
Rv0192A	GA
Rv0193c	GA
Rv0194	GA
Rv0195	GA
Rv0196	NE
Rv0197	NE
Rv0198c	NE
Rv0199	NE
Rv0200	NE
Rv0201c	NE
Rv0202c	NE
Rv0203	NE
Rv0204c	NE
Rv0205	NE
Rv0206c	ESD
Rv0207c	NE
Rv0208c	NE
Rv0209	NE
Rv0210	NE
Rv0211	NE
Rv0212c	NE
Rv0213c	NE
Rv0214	NE
Rv0215c	NE
Rv0216	NE
Rv0217c	NE
Rv0218	NE
Rv0219	NE
Rv0220	NE
Rv0221	NE
Rv0222	NE
Rv0223c	NE
Rv0224c	ES
Rv0225	ES
Rv0226c	ES
Rv0227c	ES
Rv0228	ES
Rv0229c	NE
Rv0230c	GA
Rv0231	GA
Rv0232	GA
Rv0233	NE
Rv0234c	NE
Rv0235c	NE
Rv0236c	ES
Rv0236A	NE
Rv0237	NE
Rv0238	NE
Rv0239	NE
Rv0240	NE
Rv0241c	NE
Rv0242c	NE
Rv0243	NE
Rv0244c	NE
Rv0245	NE
Rv0246	NE
Rv0247c	NE
Rv0248c	NE
Rv0249c	NE
Rv0250c	NE
Rv0251c	NE
Rv0252	NE
Rv0253	NE
Rv0254c	NE
Rv0255c	NE
Rv0256c	NE
Rv0257	NE
Rv0258c	NE
Rv0259c	NE
Rv0260c	NE
Rv0261c	NE
Rv0262c	NE
Rv0263c	NE
Rv0264c	NE
Rv0265c	NE
Rv0266c	NE
Rv0267	GA
Rv0268c	GA
Rv0269c	NE
Rv0270	NE
Rv0271c	NE
Rv0272c	NE
Rv0273c	NE
Rv0274	NE
Rv0275c	NE
Rv0276	NE
Rv0277c	NE
Rv0278c	NE
Rv0279c	NE
Rv0280	NE
Rv0281	NE
Rv0282	ES
Rv0283	ES
Rv0284	ES
Rv0285	ES
Rv0286	ES
Rv0287	GD
Rv0288	GD
Rv0289	ES
Rv0290	ES
Rv0291	ES
Rv0292	ES
Rv0293c	NE
Rv0294	NE
Rv0295c	NE
Rv0296c	NE
Rv0297	NE
Rv0298	NE
Rv0299	NE
Rv0300	NE
Rv0301	NE
Rv0302	NE
Rv0303	NE
Rv0304c	NE
Rv0305c	NE
Rv0306	NE
Rv0307c	NE
Rv0308	NE
Rv0309	NE
Rv0310c	NE
Rv0311	NE
Rv0312	NE
Rv0313	GA
Rv0314c	GA
Rv0315	GA
Rv0316	NE
Rv0317c	NE
Rv0318c	NE
Rv0319	NE
Rv0320	NE
Rv0321	NE
Rv0322	NE
Rv0323c	NE
Rv0324	NE
Rv0325	NE
Rv0326	NE
Rv0327c	NE
Rv0328	NE
Rv0329c	NE
Rv0330c	NE
Rv0331	NE
Rv0332	NE
Rv0333	NE
Rv0334	ES
Rv0335c	Uncertain
Rv0336	GA
Rv0337c	ES
Rv0338c	ES
Rv0339c	NE
Rv0340	NE
Rv0341	NE
Rv0342	NE
Rv0343	NE
Rv0344c	NE
Rv0345	NE
Rv0346c	NE
Rv0347	GD
Rv0348	NE
Rv0349	NE
Rv0350	ES
Rv0351	ES
Rv0352	NE
Rv0353	NE
Rv0354c	GA
Rv0355c	GA
Rv0356c	NE
Rv0357c	ES
Rv0358	GD
Rv0359	NE
Rv0360c	NE
Rv0361	NE
Rv0362	NE
Rv0363c	ES
Rv0364	ES
Rv0365c	NE
Rv0366c	NE
Rv0367c	NE
Rv0368c	NE
Rv0369c	NE
Rv0370c	NE
Rv0371c	NE
Rv0372c	NE
Rv0373c	NE
Rv0374c	NE
Rv0375c	NE
Rv0376c	NE
Rv0377	NE
Rv0378	Uncertain
Rv0379	NE
Rv0380c	NE
Rv0381c	NE
Rv0382c	ES
Rv0383c	GD
Rv0384c	GD
Rv0385	GA
Rv0386	NE
Rv0387c	NE
Rv0388c	NE
Rv0389	NE
Rv0390	NE
Rv0391	NE
Rv0392c	NE
Rv0393	NE
Rv0394c	NE
Rv0395	NE
Rv0396	NE
Rv0397	NE
Rv0397A	NE
Rv0398c	NE
Rv0399c	NE
Rv0400c	NE
Rv0401	NE
Rv0402c	NE
Rv0403c	NE
Rv0404	NE
Rv0405	ESD
Rv0406c	NE
Rv0407	NE
Rv0408	NE
Rv0409	NE
Rv0410c	NE
Rv0411c	NE
Rv0412c	NE
Rv0413	NE
Rv0414c	ES
Rv0415	ES
Rv0416	ES
Rv0417	ES
Rv0418	NE
Rv0419	NE
Rv0420c	NE
Rv0421c	NE
Rv0422c	GD
Rv0423c	ES
Rv0424c	NE
Rv0425c	NE
Rv0426c	NE
Rv0427c	NE
Rv0428c	NE
Rv0429c	ES
Rv0430	ES
Rv0431	NE
Rv0432	NE
Rv0433	NE
Rv0434	NE
Rv0435c	NE
Rv0436c	NE
Rv0437c	NE
Rv0438c	NE
Rv0439c	NE
Rv0440	ES
Rv0441c	NE
Rv0442c	NE
Rv0443	NE
Rv0444c	NE
Rv0445c	NE
Rv0446c	NE
Rv0447c	NE
Rv0448c	NE
Rv0449c	NE
Rv0450c	NE
Rv0451c	NE
Rv0452	NE
Rv0453	NE
Rv0454	NE
Rv0455c	NE
Rv0456c	NE
Rv0456A	NE
Rv0456B	NE
Rv0457c	NE
Rv0458	NE
Rv0459	NE
Rv0460	NE
Rv0461	GA
Rv0462	GD
Rv0463	NE
Rv0464c	NE
Rv0465c	NE
Rv0466	NE
Rv0467	GD
Rv0468	NE
Rv0469	NE
Rv0470c	NE
Rv0470A	GA
Rv0471c	GA
Rv0472c	GA
Rv0473	GA
Rv0474	GA
Rv0475	GA
Rv0476	GA
Rv0477	GA
Rv0478	GA
Rv0479c	ES
Rv0480c	NE
Rv0481c	NE
Rv0482	ES
Rv0483	GA
Rv0484c	GA
Rv0485	NE
Rv0486	NE
Rv0487	NE
Rv0488	NE
Rv0489	NE
Rv0490	NE
Rv0491	NE
Rv0492c	NE
Rv0492A	NE
Rv0493c	NE
Rv0494	NE
Rv0495c	NE
Rv0496	NE
Rv0497	NE
Rv0498	NE
Rv0499	NE
Rv0500	ES
Rv0500A	NE
Rv0500B	NE
Rv0501	NE
Rv0502	NE
Rv0503c	GA
Rv0504c	NE
Rv0505c	NE
Rv0506	NE
Rv0507	NE
Rv0508	NE
Rv0509	ES
Rv0510	ES
Rv0511	GD
Rv0512	ES
Rv0513	NE
Rv0514	NE
Rv0515	NE
Rv0516c	GA
Rv0517	GA
Rv0518	GA
Rv0519c	GA
Rv0520	GA
Rv0521	NE
Rv0522	NE
Rv0523c	NE
Rv0524	ES
Rv0525	ES
Rv0526	ES
Rv0527	ES
Rv0528	ES
Rv0529	ES
Rv0530	NE
Rv0530A	NE
Rv0531	NE
Rv0532	NE
Rv0533c	NE
Rv0534c	ES
Rv0535	NE
Rv0536	NE
Rv0537c	NE
Rv0538	NE
Rv0539	NE
Rv0540	NE
Rv0541c	NE
Rv0542c	ES
Rv0543c	ES
Rv0544c	NE
Rv0545c	NE
Rv0546c	NE
Rv0547c	NE
Rv0548c	ES
Rv0549c	NE
Rv0550c	NE
Rv0551c	NE
Rv0552	NE
Rv0553	ES
Rv0554	NE
Rv0555	ES
Rv0556	ES
Rv0557	NE
Rv0558	ES
Rv0559c	NE
Rv0560c	NE
Rv0561c	NE
Rv0562	ES
Rv0563	NE
Rv0564c	NE
Rv0565c	NE
Rv0566c	NE
Rv0567	NE
Rv0568	NE
Rv0569	NE
Rv0570	NE
Rv0571c	NE
Rv0572c	NE
Rv0573c	NE
Rv0574c	NE
Rv0575c	NE
Rv0576	NE
Rv0577	NE
Rv0578c	NE
Rv0579	NE
Rv0580c	NE
Rv0581	NE
Rv0582	NE
Rv0583c	NE
Rv0584	NE
Rv0585c	NE
Rv0586	NE
Rv0587	NE
Rv0588	NE
Rv0589	NE
Rv0590	NE
Rv0590A	NE
Rv0591	NE
Rv0592	NE
Rv0593	NE
Rv0594	NE
Rv0595c	NE
Rv0596c	NE
Rv0597c	NE
Rv0598c	NE
Rv0599c	NE
Rv0600c	NE
Rv0601c	NE
Rv0602c	NE
Rv0603	NE
Rv0604	NE
Rv0605	NE
Rv0606	NE
Rv0607	Uncertain
Rv0608	Uncertain
Rv0609	NE
Rv0609A	Uncertain
Rv0610c	NE
Rv0611c	NE
Rv0612	NE
Rv0613c	NE
Rv0614	NE
Rv0615	NE
Rv0616c	NE
Rv0616A	NE
Rv0617	NE
Rv0618	NE
Rv0619	NE
Rv0620	NE
Rv0621	NE
Rv0622	NE
Rv0623	NE
Rv0624	NE
Rv0625c	NE
Rv0626	NE
Rv0627	Uncertain
Rv0628c	NE
Rv0629c	NE
Rv0630c	NE
Rv0631c	NE
Rv0632c	NE
Rv0633c	NE
Rv0634c	NE
Rv0634A	NE
Rv0634B	GD
Rv0635	ES
Rv0636	ES
Rv0637	NE
Rv0638	ES
Rv0639	ES
Rv0640	NE
Rv0641	ES
Rv0642c	GA
Rv0643c	GA
Rv0644c	GA
Rv0645c	GA
Rv0646c	GA
Rv0647c	ES
Rv0648	NE
Rv0649	NE
Rv0650	NE
Rv0651	ES
Rv0652	Uncertain
Rv0653c	NE
Rv0654	GA
Rv0655	GA
Rv0656c	GA
Rv0657c	GA
Rv0658c	NE
Rv0659c	NE
Rv0660c	NE
Rv0661c	NE
Rv0662c	Uncertain
Rv0663	NE
Rv0664	NE
Rv0665	NE
Rv0666	Uncertain
Rv0667	ES
Rv0668	ES
Rv0669c	NE
Rv0670	NE
Rv0671	NE
Rv0672	NE
Rv0673	NE
Rv0674	NE
Rv0675	NE
Rv0676c	NE
Rv0677c	NE
Rv0678	NE
Rv0679c	NE
Rv0680c	NE
Rv0681	NE
Rv0682	ES
Rv0683	ES
Rv0684	ES
Rv0685	ES
Rv0686	NE
Rv0687	NE
Rv0688	NE
Rv0689c	NE
Rv0690c	NE
Rv0691c	NE
Rv0691A	NE
Rv0692	NE
Rv0693	NE
Rv0694	NE
Rv0695	NE
Rv0696	NE
Rv0697	GD
Rv0698	NE
Rv0699	NE
Rv0700	GD
Rv0701	ES
Rv0702	ES
Rv0703	ES
Rv0704	ES
Rv0705	ES
Rv0706	ES
Rv0707	ES
Rv0708	ES
Rv0709	GD
Rv0710	ES
Rv0711	NE
Rv0712	NE
Rv0713	NE
Rv0714	ES
Rv0715	ES
Rv0716	ES
Rv0717	Uncertain
Rv0718	ES
Rv0719	ES
Rv0720	ES
Rv0721	ES
Rv0722	Uncertain
Rv0723	Uncertain
Rv0724	NE
Rv0724A	NE
Rv0725c	NE
Rv0726c	NE
Rv0727c	NE
Rv0728c	NE
Rv0729	NE
Rv0730	GA
Rv0731c	GA
Rv0732	ES
Rv0733	NE
Rv0734	NE
Rv0735	NE
Rv0736	NE
Rv0737	NE
Rv0738	Uncertain
Rv0739	NE
Rv0740	NE
Rv0741	NE
Rv0742	NE
Rv0743c	NE
Rv0744c	NE
Rv0745	NE
Rv0746	NE
Rv0747	NE
Rv0748	NE
Rv0749	NE
Rv0749A	NE
Rv0750	NE
Rv0751c	NE
Rv0752c	NE
Rv0753c	NE
Rv0754	NE
Rv0755c	NE
Rv0755A	GA
Rv0756c	NE
Rv0757	NE
Rv0758	NE
Rv0759c	NE
Rv0760c	NE
Rv0761c	NE
Rv0762c	NE
Rv0763c	Uncertain
Rv0764c	NE
Rv0765c	NE
Rv0766c	NE
Rv0767c	NE
Rv0768	NE
Rv0769	NE
Rv0770	NE
Rv0771	NE
Rv0772	ES
Rv0773c	NE
Rv0774c	NE
Rv0775	NE
Rv0776c	NE
Rv0777	ES
Rv0778	NE
Rv0779c	NE
Rv0780	ES
Rv0781	NE
Rv0782	NE
Rv0783c	NE
Rv0784	NE
Rv0785	NE
Rv0786c	NE
Rv0787	NE
Rv0787A	ES
Rv0788	ES
Rv0789c	NE
Rv0790c	NE
Rv0791c	NE
Rv0792c	NE
Rv0793	NE
Rv0794c	NE
Rv0795	NE
Rv0796	NE
Rv0797	NE
Rv0798c	NE
Rv0799c	NE
Rv0800	NE
Rv0801	NE
Rv0802c	NE
Rv0803	ES
Rv0804	NE
Rv0805	NE
Rv0806c	NE
Rv0807	NE
Rv0808	ES
Rv0809	ES
Rv0810c	ES
Rv0811c	ES
Rv0812	GD
Rv0813c	GA
Rv0814c	GA
Rv0815c	GA
Rv0816c	GA
Rv0817c	GD
Rv0818	GA
Rv0819	GA
Rv0820	GA
Rv0821c	GA
Rv0822c	GA
Rv0823c	GA
Rv0824c	ES
Rv0825c	NE
Rv0826	NE
Rv0827c	NE
Rv0828c	NE
Rv0829	NE
Rv0830	NE
Rv0831c	NE
Rv0832	NE
Rv0833	NE
Rv0834c	NE
Rv0835	NE
Rv0836c	NE
Rv0837c	NE
Rv0838	NE
Rv0839	NE
Rv0840c	NE
Rv0841	NE
Rv0842	NE
Rv0843	NE
Rv0844c	NE
Rv0845	NE
Rv0846c	NE
Rv0847	NE
Rv0848	NE
Rv0849	NE
Rv0850	NE
Rv0851c	NE
Rv0852	NE
Rv0853c	NE
Rv0854	NE
Rv0855	NE
Rv0856	NE
Rv0857	NE
Rv0858c	NE
Rv0859	NE
Rv0860	NE
Rv0861c	NE
Rv0862c	NE
Rv0863	NE
Rv0864	NE
Rv0865	NE
Rv0866	NE
Rv0867c	NE
Rv0868c	NE
Rv0869c	NE
Rv0870c	NE
Rv0871	NE
Rv0872c	NE
Rv0873	NE
Rv0874c	NE
Rv0875c	NE
Rv0876c	NE
Rv0877	GA
Rv0878c	GA
Rv0879c	NE
Rv0880	Uncertain
Rv0881	NE
Rv0882	NE
Rv0883c	ES
Rv0884c	ES
Rv0885	NE
Rv0886	NE
Rv0887c	NE
Rv0888	NE
Rv0889c	NE
Rv0890c	NE
Rv0891c	NE
Rv0892	NE
Rv0893c	NE
Rv0894	NE
Rv0895	NE
Rv0896	GD
Rv0897c	NE
Rv0898c	Uncertain
Rv0899	NE
Rv0900	NE
Rv0901	NE
Rv0902c	ES
Rv0903c	ES
Rv0904c	NE
Rv0905	NE
Rv0906	NE
Rv0907	NE
Rv0908	NE
Rv0909	NE
Rv0910	NE
Rv0911	NE
Rv0912	NE
Rv0913c	NE
Rv0914c	NE
Rv0915c	NE
Rv0916c	NE
Rv0917	NE
Rv0918	NE
Rv0919	NE
Rv0920c	NE
Rv0921	NE
Rv0922	NE
Rv0923c	NE
Rv0924c	NE
Rv0925c	NE
Rv0926c	NE
Rv0927c	NE
Rv0928	NE
Rv0929	NE
Rv0930	NE
Rv0931c	GA
Rv0932c	NE
Rv0933	NE
Rv0934	NE
Rv0935	NE
Rv0936	NE
Rv0937c	NE
Rv0938	NE
Rv0939	NE
Rv0940c	NE
Rv0941c	NE
Rv0942	NE
Rv0943c	NE
Rv0944	NE
Rv0945	NE
Rv0946c	GD
Rv0948c	ES
Rv0949	NE
Rv0950c	NE
Rv0951	ES
Rv0952	ES
Rv0953c	NE
Rv0954	NE
Rv0955	NE
Rv0956	ES
Rv0957	ES
Rv0958	NE
Rv0959	NE
Rv0959A	NE
Rv0960	NE
Rv0961	NE
Rv0962c	NE
Rv0963c	NE
Rv0964c	NE
Rv0965c	NE
Rv0966c	NE
Rv0967	Uncertain
Rv0968	NE
Rv0969	NE
Rv0970	NE
Rv0971c	NE
Rv0972c	NE
Rv0973c	NE
Rv0974c	NE
Rv0975c	NE
Rv0976c	NE
Rv0977	GA
Rv0978c	GA
Rv0979c	GA
Rv0979A	Uncertain
Rv0980c	GA
Rv0981	GA
Rv0982	ES
Rv0983	NE
Rv0984	NE
Rv0985c	NE
Rv0986	NE
Rv0987	NE
Rv0988	NE
Rv0989c	NE
Rv0990c	NE
Rv0991c	NE
Rv0992c	NE
Rv0993	ES
Rv0994	NE
Rv0995	NE
Rv0996	NE
Rv0997	NE
Rv0998	NE
Rv0999	NE
Rv1000c	NE
Rv1001	NE
Rv1002c	GD
Rv1003	NE
Rv1004c	NE
Rv1005c	ES
Rv1006	GA
Rv1007c	ES
Rv1008	GA
Rv1009	NE
Rv1010	NE
Rv1011	ES
Rv1012	NE
Rv1013	NE
Rv1014c	ES
Rv1015c	GD
Rv1016c	GA
Rv1017c	ES
Rv1018c	ES
Rv1019	NE
Rv1020	NE
Rv1021	NE
Rv1022	NE
Rv1023	GD
Rv1024	ES
Rv1025	ES
Rv1026	NE
Rv1027c	NE
Rv1028c	NE
Rv1028A	NE
Rv1029	NE
Rv1030	NE
Rv1031	NE
Rv1032c	NE
Rv1033c	GA
Rv1034c	NE
Rv1035c	NE
Rv1036c	NE
Rv1037c	NE
Rv1038c	NE
Rv1039c	NE
Rv1040c	NE
Rv1041c	NE
Rv1042c	NE
Rv1043c	GA
Rv1044	ES
Rv1045	NE
Rv1046c	NE
Rv1047	NE
Rv1048c	NE
Rv1049	NE
Rv1050	NE
Rv1051c	NE
Rv1052	NE
Rv1053c	NE
Rv1054	NE
Rv1055	NE
Rv1056	NE
Rv1057	NE
Rv1058	NE
Rv1059	NE
Rv1060	NE
Rv1061	NE
Rv1062	NE
Rv1063c	NE
Rv1064c	NE
Rv1065	NE
Rv1066	NE
Rv1067c	NE
Rv1068c	NE
Rv1069c	NE
Rv1070c	NE
Rv1071c	NE
Rv1072	NE
Rv1073	GA
Rv1074c	GA
Rv1075c	NE
Rv1076	NE
Rv1077	NE
Rv1078	NE
Rv1079	NE
Rv1080c	NE
Rv1081c	NE
Rv1082	NE
Rv1083	NE
Rv1084	NE
Rv1085c	NE
Rv1086	NE
Rv1087	NE
Rv1087A	GA
Rv1088	NE
Rv1089	NE
Rv1089A	NE
Rv1090	NE
Rv1091	NE
Rv1092c	ES
Rv1093	ES
Rv1094	ES
Rv1095	NE
Rv1096	NE
Rv1097c	NE
Rv1098c	ES
Rv1099c	NE
Rv1100	NE
Rv1101c	NE
Rv1102c	NE
Rv1103c	NE
Rv1104	NE
Rv1105	NE
Rv1106c	NE
Rv1107c	NE
Rv1108c	NE
Rv1109c	NE
Rv1110	ES
Rv1111c	ESD
Rv1112	NE
Rv1113	NE
Rv1114	NE
Rv1115	NE
Rv1116	NE
Rv1116A	NE
Rv1117	NE
Rv1118c	NE
Rv1119c	Uncertain
Rv1120c	NE
Rv1121	NE
Rv1122	ES
Rv1123c	NE
Rv1124	NE
Rv1125	NE
Rv1126c	NE
Rv1127c	NE
Rv1128c	NE
Rv1129c	NE
Rv1130	NE
Rv1131	NE
Rv1132	NE
Rv1133c	ES
Rv1134	NE
Rv1135c	NE
Rv1135A	NE
Rv1136	NE
Rv1137c	NE
Rv1138c	NE
Rv1139c	NE
Rv1140	NE
Rv1141c	NE
Rv1142c	NE
Rv1143	GA
Rv1144	GA
Rv1145	GA
Rv1146	GA
Rv1147	GA
Rv1148c	NE
Rv1149	NE
Rv1151c	NE
Rv1152	NE
Rv1153c	NE
Rv1154c	NE
Rv1155	NE
Rv1156	NE
Rv1157c	NE
Rv1158c	NE
Rv1159	NE
Rv1159A	NE
Rv1160	NE
Rv1161	NE
Rv1162	NE
Rv1163	NE
Rv1164	NE
Rv1165	NE
Rv1166	ES
Rv1167c	NE
Rv1168c	NE
Rv1169c	NE
Rv1170	NE
Rv1171	NE
Rv1172c	NE
Rv1173	NE
Rv1174c	NE
Rv1175c	NE
Rv1176c	NE
Rv1177	ES
Rv1178	NE
Rv1179c	NE
Rv1180	NE
Rv1181	NE
Rv1182	NE
Rv1183	NE
Rv1184c	NE
Rv1185c	NE
Rv1186c	NE
Rv1187	NE
Rv1188	NE
Rv1189	NE
Rv1190	NE
Rv1191	NE
Rv1192	NE
Rv1193	NE
Rv1194c	NE
Rv1195	GA
Rv1196	GA
Rv1197	GA
Rv1198	GA
Rv1199c	NE
Rv1200	NE
Rv1201c	ES
Rv1202	ES
Rv1203c	NE
Rv1204c	NE
Rv1205	NE
Rv1206	NE
Rv1207	NE
Rv1208	ES
Rv1209	NE
Rv1210	NE
Rv1211	NE
Rv1212c	NE
Rv1213	NE
Rv1214c	NE
Rv1215c	NE
Rv1216c	NE
Rv1217c	NE
Rv1218c	NE
Rv1219c	NE
Rv1220c	NE
Rv1221	NE
Rv1222	Uncertain
Rv1223	ES
Rv1224	GD
Rv1225c	NE
Rv1226c	NE
Rv1227c	NE
Rv1228	GA
Rv1229c	ES
Rv1230c	NE
Rv1231c	NE
Rv1232c	NE
Rv1233c	NE
Rv1234	NE
Rv1235	NE
Rv1236	NE
Rv1237	NE
Rv1238	NE
Rv1239c	NE
Rv1240	NE
Rv1241	Uncertain
Rv1242	NE
Rv1243c	NE
Rv1244	NE
Rv1245c	NE
Rv1246c	NE
Rv1247c	NE
Rv1248c	NE
Rv1249c	NE
Rv1250	NE
Rv1251c	NE
Rv1252c	NE
Rv1253	NE
Rv1254	ES
Rv1255c	NE
Rv1256c	NE
Rv1257c	NE
Rv1258c	NE
Rv1259	NE
Rv1260	NE
Rv1261c	NE
Rv1262c	NE
Rv1263	NE
Rv1264	NE
Rv1265	NE
Rv1266c	NE
Rv1267c	NE
Rv1268c	NE
Rv1269c	NE
Rv1270c	NE
Rv1271c	NE
Rv1272c	NE
Rv1273c	NE
Rv1274	NE
Rv1275	NE
Rv1276c	NE
Rv1277	NE
Rv1278	NE
Rv1279	NE
Rv1280c	NE
Rv1281c	NE
Rv1282c	NE
Rv1283c	NE
Rv1284	NE
Rv1285	NE
Rv1286	GD
Rv1287	NE
Rv1288	NE
Rv1289	NE
Rv1290c	NE
Rv1290A	NE
Rv1291c	NE
Rv1292	ES
Rv1293	ES
Rv1294	ES
Rv1295	ES
Rv1296	ES
Rv1297	ES
Rv1298	NE
Rv1299	ES
Rv1300	GD
Rv1301	GD
Rv1302	ES
Rv1303	NE
Rv1304	ES
Rv1305	ES
Rv1306	ES
Rv1307	ES
Rv1308	ES
Rv1309	ES
Rv1310	ES
Rv1311	Uncertain
Rv1312	NE
Rv1313c	NE
Rv1314c	NE
Rv1315	ES
Rvnr01	ES
Rv1316c	NE
Rv1317c	NE
Rv1318c	NE
Rv1319c	NE
Rv1320c	NE
Rv1321	NE
Rv1322	NE
Rv1322A	NE
Rv1323	NE
Rv1324	NE
Rv1325c	NE
Rv1326c	ES
Rv1327c	ES
Rv1328	NE
Rv1329c	NE
Rv1330c	NE
Rv1331	NE
Rv1332	NE
Rv1333	NE
Rv1334	NE
Rv1335	GA
Rv1336	GA
Rv1337	GA
Rv1338	ES
Rv1339	NE
Rv1340	NE
Rv1341	NE
Rv1342c	GD
Rv1343c	GD
Rv1344	NE
Rv1345	NE
Rv1346	NE
Rv1347c	NE
Rv1348	ESD
Rv1349	GD
Rv1350	NE
Rv1351	NE
Rv1352	NE
Rv1353c	NE
Rv1354c	NE
Rv1355c	NE
Rv1356c	NE
Rv1357c	NE
Rv1358	NE
Rv1359	NE
Rv1360	NE
Rv1361c	NE
Rv1362c	NE
Rv1363c	NE
Rv1364c	NE
Rv1365c	NE
Rv1366	NE
Rv1366A	NE
Rv1367c	NE
Rv1368	NE
Rv1369c	NE
Rv1370c	NE
Rv1371	NE
Rv1372	NE
Rv1373	NE
Rv1374c	NE
Rv1375	NE
Rv1376	NE
Rv1377c	NE
Rv1378c	NE
Rv1379	NE
Rv1380	ES
Rv1381	ES
Rv1382	ES
Rv1383	ES
Rv1384	ES
Rv1385	ES
Rv1386	GA
Rv1387	NE
Rv1388	NE
Rv1389	ES
Rv1390	ES
Rv1391	ES
Rv1392	ES
Rv1393c	NE
Rv1394c	NE
Rv1395	NE
Rv1396c	NE
Rv1397c	NE
Rv1398c	NE
Rv1399c	NE
Rv1400c	NE
Rv1401	NE
Rv1402	ES
Rv1403c	NE
Rv1404	NE
Rv1405c	NE
Rv1406	GD
Rv1407	NE
Rv1408	GD
Rv1409	ES
Rv1410c	NE
Rv1411c	NE
Rv1412	NE
Rv1413	NE
Rv1414	NE
Rv1415	ES
Rv1416	ES
Rv1417	NE
Rv1418	NE
Rv1419	NE
Rv1420	NE
Rv1421	NE
Rv1422	NE
Rv1423	ES
Rv1424c	NE
Rv1425	NE
Rv1426c	NE
Rv1427c	NE
Rv1428c	NE
Rv1429	NE
Rv1430	NE
Rv1431	NE
Rv1432	NE
Rv1433	NE
Rv1434	Uncertain
Rv1435c	NE
Rv1436	GD
Rv1437	GD
Rv1438	ES
Rv1439c	NE
Rv1440	NE
Rv1441c	NE
Rv1442	NE
Rv1443c	NE
Rv1444c	NE
Rv1445c	NE
Rv1446c	NE
Rv1447c	NE
Rv1448c	NE
Rv1449c	ES
Rv1450c	NE
Rv1451	GD
Rv1452c	NE
Rv1453	GA
Rv1454c	GA
Rv1455	GA
Rv1456c	ES
Rv1457c	GD
Rv1458c	GD
Rv1459c	ESD
Rv1460	NE
Rv1461	ES
Rv1462	ES
Rv1463	ES
Rv1464	ES
Rv1465	ES
Rv1466	Uncertain
Rv1467c	NE
Rv1468c	NE
Rv1469	NE
Rv1470	NE
Rv1471	NE
Rv1472	NE
Rv1473	NE
Rv1473A	NE
Rv1474c	NE
Rv1475c	ES
Rv1476	ES
Rv1477	ESD
Rv1478	NE
Rv1479	ES
Rv1480	ES
Rv1481	ES
Rv1482c	NE
Rv1483	ES
Rv1484	ES
Rv1485	ES
Rv1486c	NE
Rv1487	NE
Rv1488	NE
Rv1489	NE
Rv1489A	NE
Rv1490	NE
Rv1491c	NE
Rv1492	NE
Rv1493	NE
Rv1494	NE
Rv1495	NE
Rv1496	NE
Rv1497	NE
Rv1498c	NE
Rv1498A	GA
Rv1499	GA
Rv1500	NE
Rv1501	NE
Rv1502	NE
Rv1503c	NE
Rv1504c	NE
Rv1505c	NE
Rv1506c	NE
Rv1507c	NE
Rv1507A	NE
Rv1508c	NE
Rv1508A	NE
Rv1509	NE
Rv1510	NE
Rv1511	NE
Rv1512	NE
Rv1513	NE
Rv1514c	NE
Rv1515c	NE
Rv1516c	NE
Rv1517	NE
Rv1518	NE
Rv1519	NE
Rv1520	NE
Rv1521	NE
Rv1522c	NE
Rv1523	NE
Rv1524	NE
Rv1525	NE
Rv1526c	NE
Rv1527c	NE
Rv1528c	NE
Rv1529	NE
Rv1530	NE
Rv1531	NE
Rv1532c	NE
Rv1533	NE
Rv1534	NE
Rv1535	NE
Rv1536	ES
Rv1537	NE
Rv1538c	NE
Rv1539	GD
Rv1540	GD
Rv1541c	NE
Rv1542c	NE
Rv1543	NE
Rv1544	NE
Rv1545	NE
Rv1546	NE
Rv1547	ES
Rv1548c	NE
Rv1549	NE
Rv1550	NE
Rv1551	NE
Rv1552	NE
Rv1553	NE
Rv1554	NE
Rv1555	NE
Rv1556	NE
Rv1557	NE
Rv1558	NE
Rv1559	ES
Rv1560	NE
Rv1561	NE
Rv1562c	NE
Rv1563c	NE
Rv1564c	NE
Rv1565c	NE
Rv1566c	GA
Rv1567c	GA
Rv1568	NE
Rv1569	NE
Rv1570	NE
Rv1571	Uncertain
Rv1572c	Uncertain
Rv1573	Uncertain
Rv1574	NE
Rv1575	NE
Rv1576c	GD
Rv1577c	GD
Rv1578c	NE
Rv1579c	NE
Rv1580c	NE
Rv1581c	NE
Rv1582c	NE
Rv1583c	NE
Rv1584c	NE
Rv1585c	NE
Rv1586c	NE
Rv1587c	NE
Rv1588c	NE
Rv1589	NE
Rv1590	NE
Rv1591	NE
Rv1592c	NE
Rv1593c	NE
Rv1594	ES
Rv1595	ES
Rv1596	ES
Rv1597	NE
Rv1598c	NE
Rv1599	ES
Rv1600	ES
Rv1601	ES
Rv1602	ES
Rv1603	ES
Rv1604	NE
Rv1605	ES
Rv1606	ES
Rv1607	NE
Rv1608c	NE
Rv1609	ES
Rv1610	ES
Rv1611	ES
Rv1612	ES
Rv1613	ES
Rv1614	ESD
Rv1615	NE
Rv1616	NE
Rv1617	GD
Rv1618	NE
Rv1619	NE
Rv1620c	NE
Rv1621c	NE
Rv1622c	NE
Rv1623c	NE
Rv1624c	NE
Rv1625c	NE
Rv1626	NE
Rv1627c	NE
Rv1628c	NE
Rv1629	ESD
Rv1630	ES
Rv1631	GD
Rv1632c	NE
Rv1633	NE
Rv1634	GA
Rv1635c	NE
Rv1636	ES
Rv1637c	NE
Rv1638	NE
Rv1638A	NE
Rv1639c	NE
Rv1640c	NE
Rv1641	ES
Rv1642	Uncertain
Rv1643	ES
Rv1644	GA
Rv1645c	GA
Rv1646	NE
Rv1647	NE
Rv1648	NE
Rv1649	ES
Rv1650	ES
Rv1651c	NE
Rv1652	ES
Rv1653	ES
Rv1654	ES
Rv1655	ES
Rv1656	ES
Rv1657	NE
Rv1658	ES
Rv1659	ES
Rv1660	NE
Rv1661	NE
Rv1662	NE
Rv1663	NE
Rv1664	NE
Rv1665	NE
Rv1666c	NE
Rv1667c	NE
Rv1668c	NE
Rv1669	NE
Rv1670	NE
Rv1671	NE
Rv1672c	NE
Rv1673c	NE
Rv1674c	NE
Rv1675c	NE
Rv1676	NE
Rv1677	NE
Rv1678	NE
Rv1679	NE
Rv1680	NE
Rv1681	NE
Rv1682	NE
Rv1683	NE
Rv1684	GD
Rv1685c	NE
Rv1686c	NE
Rv1687c	NE
Rv1688	NE
Rv1689	ES
Rv1690	NE
Rv1691	NE
Rv1692	NE
Rv1693	Uncertain
Rv1694	NE
Rv1695	ES
Rv1696	NE
Rv1697	ES
Rv1698	NE
Rv1699	ES
Rv1700	NE
Rv1701	NE
Rv1702c	ESD
Rv1703c	NE
Rv1704c	NE
Rv1705c	NE
Rv1706c	NE
Rv1706A	NE
Rv1707	NE
Rv1708	ES
Rv1709	NE
Rv1710	NE
Rv1711	GD
Rv1712	GD
Rv1713	ES
Rv1714	NE
Rv1715	NE
Rv1716	NE
Rv1717	NE
Rv1718	NE
Rv1719	NE
Rv1720c	NE
Rv1721c	NE
Rv1722	NE
Rv1723	NE
Rv1724c	NE
Rv1725c	NE
Rv1726	NE
Rv1727	NE
Rv1728c	NE
Rv1729c	NE
Rv1730c	NE
Rv1731	NE
Rv1732c	NE
Rv1733c	NE
Rv1734c	NE
Rv1735c	NE
Rv1736c	NE
Rv1737c	NE
Rv1738	NE
Rv1739c	NE
Rv1740	NE
Rv1741	NE
Rv1742	NE
Rv1743	NE
Rv1744c	NE
Rv1745c	NE
Rv1746	NE
Rv1747	NE
Rv1748	NE
Rv1749c	NE
Rv1750c	NE
Rv1751	NE
Rv1752	NE
Rv1753c	NE
Rv1754c	NE
Rv1755c	NE
Rv1756c	NE
Rv1757c	NE
Rv1758	NE
Rv1759c	NE
Rv1760	NE
Rv1761c	NE
Rv1762c	NE
Rv1763	NE
Rv1764	NE
Rv1765c	NE
Rv1765A	NE
Rv1766	NE
Rv1767	NE
Rv1768	NE
Rv1769	NE
Rv1770	NE
Rv1771	NE
Rv1772	NE
Rv1773c	NE
Rv1774	NE
Rv1775	NE
Rv1776c	NE
Rv1777	NE
Rv1778c	NE
Rv1779c	NE
Rv1780	GA
Rv1781c	GA
Rv1782	GD
Rv1783	GD
Rv1785c	NE
Rv1786	Uncertain
Rv1787	GA
Rv1788	GA
Rv1789	GA
Rv1790	GA
Rv1791	NE
Rv1793	NE
Rv1794	GD
Rv1795	GD
Rv1796	GD
Rv1797	GD
Rv1798	NE
Rv1799	NE
Rv1800	NE
Rv1801	NE
Rv1802	NE
Rv1803c	NE
Rv1804c	NE
Rv1805c	NE
Rv1806	NE
Rv1807	NE
Rv1808	GA
Rv1809	NE
Rv1810	NE
Rv1811	GA
Rv1812c	NE
Rv1813c	NE
Rv1814	GA
Rv1815	NE
Rv1816	NE
Rv1817	NE
Rv1818c	NE
Rv1819c	NE
Rv1820	NE
Rv1821	NE
Rv1822	ES
Rv1823	NE
Rv1824	NE
Rv1825	NE
Rv1826	ES
Rv1827	GD
Rv1828	GD
Rv1829	NE
Rv1830	ES
Rv1831	NE
Rv1832	ES
Rv1833c	NE
Rv1834	GA
Rv1835c	GA
Rv1836c	NE
Rv1837c	ES
Rv1838c	GA
Rv1839c	NE
Rv1840c	NE
Rv1841c	NE
Rv1842c	NE
Rv1843c	GA
Rv1844c	GA
Rv1845c	NE
Rv1846c	NE
Rv1847	NE
Rv1848	NE
Rv1849	NE
Rv1850	NE
Rv1851	NE
Rv1852	NE
Rv1853	NE
Rv1854c	GD
Rv1855c	GA
Rv1856c	GA
Rv1857	GA
Rv1858	NE
Rv1859	NE
Rv1860	NE
Rv1861	NE
Rv1862	NE
Rv1863c	NE
Rv1864c	NE
Rv1865c	NE
Rv1866	NE
Rv1867	NE
Rv1868	NE
Rv1869c	NE
Rv1870c	NE
Rv1871c	NE
Rv1872c	NE
Rv1873	GA
Rv1874	GA
Rv1875	GA
Rv1876	GA
Rv1877	GA
Rv1878	NE
Rv1879	NE
Rv1880c	NE
Rv1881c	GA
Rv1882c	GA
Rv1883c	GA
Rv1884c	GA
Rv1885c	GA
Rv1886c	GA
Rv1887	NE
Rv1888c	NE
Rv1888A	Uncertain
Rv1889c	NE
Rv1890c	NE
Rv1891	NE
Rv1892	NE
Rv1893	Uncertain
Rv1894c	NE
Rv1895	NE
Rv1896c	NE
Rv1897c	NE
Rv1898	NE
Rv1899c	NE
Rv1900c	NE
Rv1901	NE
Rv1902c	NE
Rv1903	GA
Rv1904	GA
Rv1905c	NE
Rv1906c	NE
Rv1907c	NE
Rv1908c	NE
Rv1909c	NE
Rv1910c	NE
Rv1911c	NE
Rv1912c	NE
Rv1913	NE
Rv1914c	NE
Rv1915	NE
Rv1916	NE
Rv1917c	NE
Rv1918c	NE
Rv1919c	NE
Rv1920	NE
Rv1921c	NE
Rv1922	NE
Rv1923	GA
Rv1924c	GA
Rv1925	GA
Rv1926c	GA
Rv1927	NE
Rv1928c	NE
Rv1929c	NE
Rv1930c	NE
Rv1931c	NE
Rv1932	NE
Rv1933c	NE
Rv1934c	NE
Rv1935c	NE
Rv1936	NE
Rv1937	NE
Rv1938	NE
Rv1939	NE
Rv1940	NE
Rv1941	NE
Rv1942c	NE
Rv1943c	NE
Rv1944c	NE
Rv1945	NE
Rv1946c	NE
Rv1947	NE
Rv1948c	NE
Rv1949c	NE
Rv1950c	GA
Rv1951c	GA
Rv1952	GA
Rv1953	GA
Rv1954c	GA
Rv1954A	GA
Rv1955	GA
Rv1956	GA
Rv1957	GA
Rv1958c	GA
Rv1959c	GA
Rv1960c	NE
Rv1961	NE
Rv1962c	NE
Rv1962A	NE
Rv1963c	NE
Rv1964	NE
Rv1965	NE
Rv1966	NE
Rv1967	NE
Rv1968	NE
Rv1969	NE
Rv1970	NE
Rv1971	NE
Rv1972	NE
Rv1973	NE
Rv1974	NE
Rv1975	NE
Rv1976c	NE
Rv1977	NE
Rv1978	NE
Rv1979c	GA
Rv1980c	GA
Rv1981c	GA
Rv1982c	NE
Rv1982A	NE
Rv1983	GA
Rv1984c	GA
Rv1985c	NE
Rv1986	NE
Rv1987	NE
Rv1988	NE
Rv1989c	NE
Rv1990c	ES
Rv1990A	NE
Rv1991c	NE
Rv1991A	NE
Rv1992c	NE
Rv1993c	NE
Rv1994c	NE
Rv1995	GA
Rv1996	GA
Rv1997	NE
Rv1998c	NE
Rv1999c	NE
Rv2000	NE
Rv2001	NE
Rv2002	NE
Rv2003c	NE
Rv2004c	NE
Rv2005c	NE
Rv2006	NE
Rv2007c	NE
Rv2008c	NE
Rv2009	NE
Rv2010	NE
Rv2011c	NE
Rv2012	NE
Rv2013	NE
Rv2014	NE
Rv2015c	NE
Rv2016	NE
Rv2017	ES
Rv2018	NE
Rv2019	GA
Rv2020c	GA
Rv2021c	GA
Rv2022c	GA
Rv2023c	NE
Rv2024c	NE
Rv2025c	NE
Rv2026c	NE
Rv2027c	NE
Rv2028c	NE
Rv2029c	NE
Rv2030c	NE
Rv2031c	NE
Rv2032	NE
Rv2033c	NE
Rv2034	NE
Rv2035	NE
Rv2036	NE
Rv2037c	NE
Rv2038c	NE
Rv2039c	NE
Rv2040c	NE
Rv2041c	NE
Rv2042c	NE
Rv2043c	NE
Rv2044c	NE
Rv2045c	NE
Rv2046	NE
Rv2047c	NE
Rv2048c	NE
Rv2049c	NE
Rv2050	GD
Rv2051c	ESD
Rv2052c	NE
Rv2053c	GA
Rv2054	GA
Rv2055c	GA
Rv2056c	GA
Rv2057c	GA
Rv2058c	GA
Rv2059	NE
Rv2060	NE
Rv2061c	NE
Rv2062c	NE
Rv2063	NE
Rv2063A	NE
Rv2064	NE
Rv2065	NE
Rv2066	NE
Rv2067c	NE
Rv2068c	NE
Rv2069	NE
Rv2070c	NE
Rv2071c	NE
Rv2072c	NE
Rv2073c	NE
Rv2074	NE
Rv2075c	NE
Rv2076c	NE
Rv2077c	NE
Rv2077A	NE
Rv2078	NE
Rv2079	NE
Rv2080	NE
Rv2081c	NE
Rv2082	NE
Rv2083	NE
Rv2084	NE
Rv2085	Uncertain
Rv2086	NE
Rv2087	NE
Rv2088	NE
Rv2089c	NE
Rv2090	NE
Rv2091c	NE
Rv2092c	NE
Rv2093c	GD
Rv2094c	Uncertain
Rv2095c	NE
Rv2096c	NE
Rv2097c	NE
Rv2100	NE
Rv2101	NE
Rv2102	NE
Rv2103c	NE
Rv2104c	NE
Rv2105	NE
Rv2106	NE
Rv2107	NE
Rv2108	NE
Rv2109c	ES
Rv2110c	ES
Rv2111c	Uncertain
Rv2112c	NE
Rv2113	GA
Rv2114	GA
Rv2115c	NE
Rv2116	NE
Rv2117	NE
Rv2118c	NE
Rv2119	NE
Rv2120c	NE
Rv2121c	ES
Rv2122c	ES
Rv2123	NE
Rv2124c	NE
Rv2125	NE
Rv2126c	NE
Rv2127	NE
Rv2128	NE
Rv2129c	NE
Rv2130c	GD
Rv2131c	NE
Rv2132	NE
Rv2133c	NE
Rv2134c	NE
Rv2135c	NE
Rv2136c	NE
Rv2137c	NE
Rv2138	GD
Rv2139	ES
Rv2140c	NE
Rv2141c	NE
Rv2142c	GA
Rv2142A	GA
Rv2143	GA
Rv2144c	GA
Rv2145c	ES
Rv2146c	Uncertain
Rv2147c	ES
Rv2148c	NE
Rv2149c	NE
Rv2150c	ES
Rv2151c	ES
Rv2152c	ES
Rv2153c	ES
Rv2154c	ESD
Rv2155c	ES
Rv2156c	ES
Rv2157c	ES
Rv2158c	ES
Rv2159c	NE
Rv2160A	NE
Rv2160c	NE
Rv2161c	NE
Rv2162c	NE
Rv2163c	ESD
Rv2164c	GD
Rv2165c	GD
Rv2166c	NE
Rv2167c	NE
Rv2168c	NE
Rv2169c	NE
Rv2170	NE
Rv2171	NE
Rv2172c	ES
Rv2173	NE
Rv2174	ES
Rv2175c	NE
Rv2176	NE
Rv2177c	NE
Rv2178c	ES
Rv2179c	NE
Rv2180c	NE
Rv2181	GA
Rv2182c	ES
Rv2183c	NE
Rv2184c	NE
Rv2185c	NE
Rv2186c	ES
Rv2187	NE
Rv2188c	ES
Rv2189c	NE
Rv2190c	NE
Rv2191	NE
Rv2192c	ES
Rv2193	GD
Rv2194	GD
Rv2195	GD
Rv2196	GD
Rv2197c	NE
Rv2198c	NE
Rv2199c	NE
Rv2200c	GD
Rv2201	ES
Rv2202c	GD
Rv2203	NE
Rv2204c	NE
Rv2205c	NE
Rv2206	NE
Rv2207	NE
Rv2208	NE
Rv2209	GA
Rv2210c	ES
Rv2211c	ES
Rv2212	NE
Rv2213	NE
Rv2214c	NE
Rv2215	NE
Rv2216	NE
Rv2217	ES
Rv2218	ES
Rv2219	GD
Rv2219A	NE
Rv2220	ES
Rv2221c	GD
Rv2222c	NE
Rv2223c	NE
Rv2224c	GA
Rv2225	ES
Rv2226	NE
Rv2227	NE
Rv2228c	GD
Rv2229c	NE
Rv2230c	NE
Rv2231c	NE
Rv2231A	NE
Rv2231B	NE
Rv2232	NE
Rv2234	NE
Rv2235	GD
Rv2236c	NE
Rv2237	NE
Rv2237A	NE
Rv2238c	NE
Rv2239c	NE
Rv2240c	NE
Rv2241	NE
Rv2242	ES
Rv2243	ES
Rv2244	ES
Rv2245	ES
Rv2246	NE
Rv2247	GD
Rv2248	NE
Rv2249c	NE
Rv2250c	NE
Rv2250A	NE
Rv2251	NE
Rv2252	NE
Rv2253	NE
Rv2254c	NE
Rv2255c	NE
Rv2256c	NE
Rv2257c	NE
Rv2258c	NE
Rv2259	NE
Rv2260	NE
Rv2261c	NE
Rv2262c	NE
Rv2263	NE
Rv2264c	NE
Rv2265	NE
Rv2266	NE
Rv2267c	NE
Rv2268c	NE
Rv2269c	NE
Rv2270	NE
Rv2271	NE
Rv2272	NE
Rv2273	NE
Rv2274c	NE
Rv2274A	NE
Rv2275	NE
Rv2276	NE
Rv2277c	NE
Rv2278	NE
Rv2279	NE
Rv2280	NE
Rv2281	NE
Rv2282c	NE
Rv2283	NE
Rv2284	NE
Rv2285	NE
Rv2286c	NE
Rv2287	NE
Rv2288	NE
Rv2289	NE
Rv2290	NE
Rv2291	NE
Rv2292c	NE
Rv2293c	NE
Rv2294	NE
Rv2295	NE
Rv2296	NE
Rv2297	NE
Rv2298	NE
Rv2299c	NE
Rv2300c	NE
Rv2301	NE
Rv2302	NE
Rv2303c	NE
Rv2304c	Uncertain
Rv2305	NE
Rv2306A	NE
Rv2306B	NE
Rv2307c	NE
Rv2307A	NE
Rv2307B	NE
Rv2307D	NE
Rv2308	NE
Rv2309c	NE
Rv2309A	NE
Rv2310	NE
Rv2311	NE
Rv2312	NE
Rv2313c	NE
Rv2314c	NE
Rv2315c	NE
Rv2316	NE
Rv2317	NE
Rv2318	NE
Rv2319c	NE
Rv2320c	NE
Rv2321c	NE
Rv2322c	NE
Rv2323c	NE
Rv2324	NE
Rv2325c	NE
Rv2326c	NE
Rv2327	NE
Rv2328	NE
Rv2329c	NE
Rv2330c	NE
Rv2331	NE
Rv2331A	NE
Rv2332	NE
Rv2333c	NE
Rv2334	NE
Rv2335	NE
Rv2336	NE
Rv2337c	NE
Rv2338c	NE
Rv2339	NE
Rv2340c	NE
Rv2341	NE
Rv2342	NE
Rv2343c	ES
Rv2344c	NE
Rv2345	GA
Rv2346c	GA
Rv2347c	GA
Rv2348c	GA
Rv2349c	GA
Rv2350c	GA
Rv2351c	GA
Rv2352c	GA
Rv2353c	NE
Rv2354	NE
Rv2355	NE
Rv2356c	NE
Rv2357c	ES
Rv2358	NE
Rv2359	NE
Rv2360c	NE
Rv2361c	ES
Rv2362c	ESD
Rv2363	NE
Rv2364c	GD
Rv2365c	NE
Rv2366c	NE
Rv2367c	NE
Rv2368c	NE
Rv2369c	NE
Rv2370c	NE
Rv2371	Uncertain
Rv2372c	NE
Rv2373c	GD
Rv2374c	NE
Rv2375	NE
Rv2376c	Uncertain
Rv2377c	NE
Rv2378c	NE
Rv2379c	NE
Rv2380c	NE
Rv2381c	NE
Rv2382c	NE
Rv2383c	NE
Rv2384	NE
Rv2385	NE
Rv2386c	GD
Rv2387	NE
Rv2388c	NE
Rv2389c	GA
Rv2390c	GA
Rv2391	NE
Rv2392	GD
Rv2393	NE
Rv2394	NE
Rv2395	NE
Rv2395A	GA
Rv2395B	GA
Rv2396	NE
Rv2397c	GD
Rv2398c	GD
Rv2399c	GD
Rv2400c	GD
Rv2401	NE
Rv2401A	Uncertain
Rv2402	NE
Rv2403c	NE
Rv2404c	NE
Rv2405	NE
Rv2406c	NE
Rv2407	NE
Rv2408	NE
Rv2409c	NE
Rv2410c	NE
Rv2411c	GA
Rv2412	Uncertain
Rv2413c	ES
Rv2414c	NE
Rv2415c	NE
Rv2416c	NE
Rv2417c	NE
Rv2418c	GD
Rv2419c	NE
Rv2420c	NE
Rv2421c	ES
Rv2422	NE
Rv2423	NE
Rv2424c	NE
Rv2425c	NE
Rv2426c	NE
Rv2427c	NE
Rv2428	NE
Rv2429	NE
Rv2430c	NE
Rv2431c	NE
Rv2432c	NE
Rv2433c	NE
Rv2434c	NE
Rv2435c	NE
Rv2436	NE
Rv2437	NE
Rv2438c	ES
Rv2438A	ES
Rv2439c	ES
Rv2440c	ES
Rv2441c	GD
Rv2442c	GD
Rv2443	NE
Rv2444c	ESD
Rv2445c	NE
Rv2446c	NE
Rv2447c	ES
Rv2448c	ES
Rv2449c	NE
Rv2450c	NE
Rv2451	NE
Rv2452c	NE
Rv2453c	NE
Rv2454c	GD
Rv2455c	GD
Rv2456c	GA
Rv2457c	ES
Rv2458	GA
Rv2459	GA
Rv2460c	ES
Rv2461c	ES
Rv2462c	NE
Rv2463	NE
Rv2464c	NE
Rv2465c	ES
Rv2466c	NE
Rv2467	NE
Rv2468c	NE
Rv2468A	NE
Rv2469c	NE
Rv2470	NE
Rv2471	NE
Rv2472	NE
Rv2473	NE
Rv2474c	NE
Rv2475c	NE
Rv2476c	NE
Rv2477c	ES
Rv2478c	NE
Rv2479c	NE
Rv2480c	NE
Rv2481c	NE
Rv2482c	NE
Rv2483c	NE
Rv2484c	NE
Rv2485c	NE
Rv2486	NE
Rv2487c	NE
Rv2488c	NE
Rv2489c	NE
Rv2490c	NE
Rv2491	GD
Rv2492	NE
Rv2493	Uncertain
Rv2494	NE
Rv2495c	NE
Rv2496c	NE
Rv2497c	NE
Rv2498c	NE
Rv2499c	NE
Rv2500c	NE
Rv2501c	NE
Rv2502c	NE
Rv2503c	NE
Rv2504c	NE
Rv2505c	NE
Rv2506	NE
Rv2507	NE
Rv2508c	NE
Rv2509	ES
Rv2510c	NE
Rv2511	ES
Rv2512c	NE
Rv2513	NE
Rv2514c	NE
Rv2515c	NE
Rv2516c	ESD
Rv2517c	NE
Rv2518c	NE
Rv2519	NE
Rv2520c	Uncertain
Rv2521	NE
Rv2522c	NE
Rv2523c	NE
Rv2524c	ES
Rv2525c	NE
Rv2526	Uncertain
Rv2527	NE
Rv2528c	NE
Rv2529	NE
Rv2530c	NE
Rv2530A	NE
Rv2531c	NE
Rv2532c	NE
Rv2533c	ES
Rv2534c	ES
Rv2535c	NE
Rv2536	GA
Rv2537c	ES
Rv2538c	ES
Rv2539c	ES
Rv2540c	ES
Rv2541	Uncertain
Rv2542	NE
Rv2543	NE
Rv2544	NE
Rv2545	NE
Rv2546	NE
Rv2547	NE
Rv2548	NE
Rv2548A	NE
Rv2549c	NE
Rv2550c	NE
Rv2551c	NE
Rv2552c	NE
Rv2553c	NE
Rv2554c	ES
Rv2555c	ES
Rv2556c	NE
Rv2557	NE
Rv2558	NE
Rv2559c	NE
Rv2560	NE
Rv2561	NE
Rv2562	NE
Rv2563	NE
Rv2564	NE
Rv2565	NE
Rv2566	NE
Rv2567	NE
Rv2568c	NE
Rv2569c	NE
Rv2570	NE
Rv2571c	NE
Rv2572c	ES
Rv2573	NE
Rv2574	NE
Rv2575	NE
Rv2576c	NE
Rv2577	NE
Rv2578c	NE
Rv2579	NE
Rv2580c	ES
Rv2581c	ESD
Rv2582	GD
Rv2583c	NE
Rv2584c	NE
Rv2585c	NE
Rv2586c	ESD
Rv2587c	ES
Rv2588c	NE
Rv2589	NE
Rv2590	NE
Rv2591	NE
Rv2592c	GD
Rv2593c	GD
Rv2594c	GD
Rv2595	Uncertain
Rv2596	GA
Rv2597	GA
Rv2598	GA
Rv2599	GA
Rv2600	GA
Rv2601	NE
Rv2601A	Uncertain
Rv2602	NE
Rv2603c	NE
Rv2604c	NE
Rv2605c	NE
Rv2606c	NE
Rv2607	NE
Rv2608	NE
Rv2609c	ESD
Rv2610c	ES
Rv2611c	ES
Rv2612c	ES
Rv2613c	NE
Rv2614c	ES
Rv2614A	NE
Rv2615c	NE
Rv2616	NE
Rv2617c	GA
Rv2618	NE
Rv2619c	NE
Rv2620c	NE
Rv2621c	NE
Rv2622	NE
Rv2623	NE
Rv2624c	NE
Rv2625c	NE
Rv2626c	NE
Rv2627c	NE
Rv2628	NE
Rv2629	NE
Rv2630	NE
Rv2631	NE
Rv2632c	Uncertain
Rv2633c	NE
Rv2634c	NE
Rv2635	NE
Rv2636	NE
Rv2637	NE
Rv2638	NE
Rv2639c	NE
Rv2640c	NE
Rv2641	NE
Rv2642	NE
Rv2643	NE
Rv2644c	NE
Rv2645	NE
Rv2646	NE
Rv2647	NE
Rv2648	NE
Rv2649	NE
Rv2650c	GD
Rv2651c	GD
Rv2652c	GD
Rv2653c	NE
Rv2654c	Uncertain
Rv2655c	NE
Rv2656c	NE
Rv2657c	NE
Rv2658c	NE
Rv2659c	NE
Rv2660c	NE
Rv2661c	NE
Rv2662	NE
Rv2663	NE
Rv2664	Uncertain
Rv2665	NE
Rv2666	NE
Rv2667	NE
Rv2668	NE
Rv2669	NE
Rv2670c	NE
Rv2671	NE
Rv2672	NE
Rv2673	ES
Rv2674	GA
Rv2675c	GA
Rv2676c	ES
Rv2677c	ES
Rv2678c	ES
Rv2679	NE
Rv2680	NE
Rv2681	NE
Rv2682c	ES
Rv2683	NE
Rv2684	NE
Rv2685	NE
Rv2686c	NE
Rv2687c	NE
Rv2688c	NE
Rv2689c	NE
Rv2690c	NE
Rv2691	NE
Rv2692	NE
Rv2693c	NE
Rv2694c	NE
Rv2695	NE
Rv2696c	NE
Rv2697c	NE
Rv2698	GD
Rv2699c	ES
Rv2700	NE
Rv2701c	NE
Rv2702	NE
Rv2703	ES
Rv2704	GA
Rv2705c	GA
Rv2706c	GA
Rv2707	GA
Rv2708c	GA
Rv2709	GA
Rv2710	NE
Rv2711	ES
Rv2712c	GA
Rv2713	GA
Rv2714	NE
Rv2715	NE
Rv2716	NE
Rv2717c	NE
Rv2718c	NE
Rv2719c	NE
Rv2720	GD
Rv2721c	NE
Rv2722	NE
Rv2723	NE
Rv2724c	NE
Rv2725c	NE
Rv2726c	ES
Rv2727c	GD
Rv2728c	NE
Rv2729c	NE
Rv2730	NE
Rv2731	NE
Rv2732c	NE
Rv2733c	NE
Rv2734	NE
Rv2735c	NE
Rv2736c	NE
Rv2737c	NE
Rv2737A	Uncertain
Rv2738c	NE
Rv2739c	NE
Rv2740	NE
Rv2741	NE
Rv2742c	NE
Rv2743c	NE
Rv2744c	NE
Rv2745c	NE
Rv2746c	ES
Rv2747	ES
Rv2748c	ES
Rv2749	NE
Rv2750	NE
Rv2751	NE
Rv2752c	NE
Rv2753c	ES
Rv2754c	ES
Rv2755c	NE
Rv2756c	NE
Rv2757c	NE
Rv2758c	NE
Rv2759c	NE
Rv2760c	NE
Rv2761c	NE
Rv2762c	NE
Rv2763c	GD
Rv2764c	GD
Rv2765	NE
Rv2766c	NE
Rv2767c	NE
Rv2768c	NE
Rv2769c	NE
Rv2770c	NE
Rv2771c	NE
Rv2772c	NE
Rv2773c	ES
Rv2774c	GA
Rv2775	GA
Rv2776c	NE
Rv2777c	NE
Rv2778c	NE
Rv2779c	NE
Rv2780	NE
Rv2781c	NE
Rv2782c	NE
Rv2783c	ES
Rv2784c	NE
Rv2785c	NE
Rv2786c	ES
Rv2787	NE
Rv2788	NE
Rv2789c	NE
Rv2790c	NE
Rv2791c	NE
Rv2792c	NE
Rv2793c	NE
Rv2794c	ES
Rv2795c	NE
Rv2796c	NE
Rv2797c	NE
Rv2798c	NE
Rv2799	NE
Rv2800	NE
Rv2801c	NE
Rv2801A	NE
Rv2802c	NE
Rv2803	NE
Rv2804c	NE
Rv2805	NE
Rv2806	NE
Rv2807	NE
Rv2808	NE
Rv2809	NE
Rv2810c	NE
Rv2811	NE
Rv2812	NE
Rv2813	NE
Rv2814c	NE
Rv2815c	NE
Rv2816c	NE
Rv2817c	NE
Rv2818c	NE
Rv2819c	NE
Rv2820c	NE
Rv2821c	NE
Rv2822c	NE
Rv2823c	NE
Rv2824c	NE
Rv2825c	NE
Rv2826c	NE
Rv2827c	GD
Rv2828c	NE
Rv2828A	Uncertain
Rv2829c	NE
Rv2830c	Uncertain
Rv2831	NE
Rv2832c	NE
Rv2833c	NE
Rv2834c	NE
Rv2835c	NE
Rv2836c	NE
Rv2837c	NE
Rv2838c	NE
Rv2839c	ES
Rv2840c	GA
Rv2841c	ES
Rv2842c	NE
Rv2843	NE
Rv2844	NE
Rv2845c	ES
Rv2846c	ES
Rv2847c	GD
Rv2848c	NE
Rv2849c	NE
Rv2850c	NE
Rv2851c	NE
Rv2852c	NE
Rv2853	NE
Rv2854	NE
Rv2855	NE
Rv2856	NE
Rv2857c	NE
Rv2858c	NE
Rv2859c	NE
Rv2860c	NE
Rv2861c	NE
Rv2862c	NE
Rv2862A	Uncertain
Rv2863	NE
Rv2864c	NE
Rv2865	NE
Rv2866	NE
Rv2867c	NE
Rv2868c	ES
Rv2869c	NE
Rv2870c	ES
Rv2871	NE
Rv2872	NE
Rv2873	NE
Rv2874	NE
Rv2875	NE
Rv2876	NE
Rv2877c	NE
Rv2878c	NE
Rv2879c	NE
Rv2880c	NE
Rv2881c	ES
Rv2882c	ES
Rv2883c	ES
Rv2884	NE
Rv2885c	NE
Rv2886c	NE
Rv2887	NE
Rv2888c	NE
Rv2889c	ES
Rv2890c	ES
Rv2891	NE
Rv2892c	NE
Rv2893	NE
Rv2894c	NE
Rv2895c	NE
Rv2896c	NE
Rv2897c	NE
Rv2898c	NE
Rv2899c	NE
Rv2900c	NE
Rv2901c	NE
Rv2902c	NE
Rv2903c	ES
Rv2904c	NE
Rv2905	NE
Rv2906c	GD
Rv2907c	GD
Rv2908c	GD
Rv2909c	GD
Rv2910c	NE
Rv2911	NE
Rv2912c	NE
Rv2913c	NE
Rv2914c	NE
Rv2915c	NE
Rv2916c	ES
Rv2917	NE
Rv2918c	NE
Rv2919c	NE
Rv2920c	NE
Rv2921c	ES
Rv2922c	NE
Rv2922A	NE
Rv2923c	NE
Rv2924c	NE
Rv2925c	ES
Rv2926c	NE
Rv2927c	ES
Rv2928	NE
Rv2929	GA
Rv2930	NE
Rv2931	NE
Rv2932	NE
Rv2933	NE
Rv2934	NE
Rv2935	NE
Rv2936	GA
Rv2937	GA
Rv2938	GA
Rv2939	NE
Rv2940c	NE
Rv2941	NE
Rv2942	NE
Rv2943	NE
Rv2943A	NE
Rv2944	NE
Rv2945c	NE
Rv2946c	NE
Rv2947c	NE
Rv2948c	NE
Rv2949c	NE
Rv2950c	NE
Rv2951c	NE
Rv2952	NE
Rv2953	NE
Rv2954c	GA
Rv2955c	NE
Rv2956	NE
Rv2957	GA
Rv2958c	GA
Rv2959c	NE
Rv2960c	NE
Rv2961	NE
Rv2962c	NE
Rv2963	NE
Rv2964	NE
Rv2965c	NE
Rv2966c	NE
Rv2967c	NE
Rv2968c	ES
Rv2969c	ES
Rv2970c	NE
Rv2970A	NE
Rv2971	ES
Rv2972c	NE
Rv2973c	NE
Rv2974c	NE
Rv2975c	NE
Rv2976c	NE
Rv2977c	ES
Rv2978c	NE
Rv2979c	NE
Rv2980	NE
Rv2981c	ES
Rv2982c	NE
Rv2983	NE
Rv2984	GD
Rv2985	NE
Rv2986c	GD
Rv2987c	GD
Rv2988c	GD
Rv2989	NE
Rv2990c	NE
Rv2991	NE
Rv2992c	ES
Rv2993c	NE
Rv2994	NE
Rv2995c	ES
Rv2996c	ES
Rv2997	NE
Rv2998	NE
Rv2998A	Uncertain
Rv2999	NE
Rv3000	NE
Rv3001c	ES
Rv3002c	NE
Rv3003c	ES
Rv3004	NE
Rv3005c	NE
Rv3006	ES
Rv3007c	GA
Rv3008	GA
Rv3009c	ES
Rv3010c	NE
Rv3011c	ES
Rv3012c	Uncertain
Rv3013	GA
Rv3014c	ES
Rv3015c	NE
Rv3016	NE
Rv3017c	NE
Rv3018c	NE
Rv3018A	Uncertain
Rv3019c	NE
Rv3020c	NE
Rv3022A	NE
Rv3023c	NE
Rv3024c	NE
Rv3025c	GD
Rv3026c	NE
Rv3027c	NE
Rv3028c	ES
Rv3029c	GD
Rv3030	ES
Rv3031	ES
Rv3032	GD
Rv3032A	NE
Rv3033	NE
Rv3034c	ES
Rv3035	GD
Rv3036c	NE
Rv3037c	NE
Rv3038c	ES
Rv3039c	ES
Rv3040c	NE
Rv3041c	NE
Rv3042c	ES
Rv3043c	ES
Rv3044	NE
Rv3045	NE
Rv3046c	NE
Rv3047c	NE
Rv3048c	ES
Rv3049c	NE
Rv3050c	NE
Rv3051c	ES
Rv3052c	ES
Rv3053c	ES
Rv3054c	GA
Rv3055	GA
Rv3056	GA
Rv3057c	GA
Rv3058c	GA
Rv3059	GA
Rv3060c	NE
Rv3061c	NE
Rv3062	NE
Rv3063	NE
Rv3064c	NE
Rv3065	NE
Rv3066	NE
Rv3067	NE
Rv3068c	NE
Rv3069	NE
Rv3070	NE
Rv3071	NE
Rv3072c	NE
Rv3073c	NE
Rv3074	NE
Rv3075c	NE
Rv3076	NE
Rv3077	NE
Rv3078	NE
Rv3079c	NE
Rv3080c	NE
Rv3081	NE
Rv3082c	NE
Rv3083	NE
Rv3084	NE
Rv3085	NE
Rv3086	NE
Rv3087	NE
Rv3088	NE
Rv3089	NE
Rv3090	NE
Rv3091	NE
Rv3092c	NE
Rv3093c	NE
Rv3094c	NE
Rv3095	NE
Rv3096	GA
Rv3097c	GA
Rv3098c	GA
Rv3098A	GA
Rv3099c	NE
Rv3100c	ES
Rv3101c	NE
Rv3102c	NE
Rv3103c	NE
Rv3104c	NE
Rv3105c	ES
Rv3106	NE
Rv3107c	NE
Rv3108	NE
Rv3109	NE
Rv3110	NE
Rv3111	NE
Rv3112	NE
Rv3113	NE
Rv3114	NE
Rv3115	NE
Rv3116	NE
Rv3117	GA
Rv3118	GA
Rv3119	GA
Rv3120	GA
Rv3121	NE
Rv3122	NE
Rv3123	NE
Rv3124	NE
Rv3125c	NE
Rv3126c	NE
Rv3127	NE
Rv3129	NE
Rv3130c	NE
Rv3131	NE
Rv3132c	NE
Rv3133c	NE
Rv3134c	NE
Rv3135	NE
Rv3136	NE
Rv3136A	NE
Rv3137	ES
Rv3138	NE
Rv3139	NE
Rv3140	NE
Rv3141	NE
Rv3142c	NE
Rv3143	NE
Rv3144c	NE
Rv3145	NE
Rv3146	NE
Rv3147	NE
Rv3148	NE
Rv3149	NE
Rv3150	NE
Rv3151	NE
Rv3152	NE
Rv3153	NE
Rv3154	NE
Rv3155	NE
Rv3156	NE
Rv3157	NE
Rv3158	NE
Rv3159c	NE
Rv3160c	NE
Rv3161c	NE
Rv3162c	NE
Rv3163c	NE
Rv3164c	NE
Rv3165c	NE
Rv3166c	NE
Rv3167c	NE
Rv3168	NE
Rv3169	NE
Rv3170	NE
Rv3171c	NE
Rv3172c	NE
Rv3173c	NE
Rv3174	NE
Rv3175	NE
Rv3176c	NE
Rv3177	NE
Rv3178	NE
Rv3179	NE
Rv3180c	NE
Rv3181c	NE
Rv3182	Uncertain
Rv3183	NE
Rv3184	NE
Rv3185	NE
Rv3186	NE
Rv3187	NE
Rv3188	NE
Rv3189	NE
Rv3190c	NE
Rv3190A	NE
Rv3191c	NE
Rv3192	NE
Rv3193c	NE
Rv3194c	NE
Rv3195	NE
Rv3196	NE
Rv3196A	NE
Rv3197	NE
Rv3197A	NE
Rv3198c	ESD
Rv3198A	NE
Rv3199c	NE
Rv3200c	NE
Rv3201c	NE
Rv3202c	NE
Rv3203	NE
Rv3204	NE
Rv3205c	NE
Rv3206c	ES
Rv3207c	NE
Rv3208	NE
Rv3208A	NE
Rv3209	NE
Rv3210c	NE
Rv3211	GD
Rv3212	GD
Rv3213c	NE
Rv3214	NE
Rv3215	GD
Rv3217c	NE
Rv3218	NE
Rv3219	GD
Rv3220c	NE
Rv3221c	Uncertain
Rv3221A	Uncertain
Rv3222c	ES
Rv3223c	NE
Rv3224	NE
Rv3224A	NE
Rv3224B	NE
Rv3225c	NE
Rv3226c	NE
Rv3227	ES
Rv3228	NE
Rv3229c	NE
Rv3230c	NE
Rv3231c	GA
Rv3232c	GA
Rv3233c	GA
Rv3234c	GA
Rv3235	NE
Rv3236c	NE
Rv3237c	NE
Rv3238c	NE
Rv3239c	GA
Rv3240c	ESD
Rv3241c	GA
Rv3242c	GA
Rv3243c	GA
Rv3244c	ES
Rv3245c	GD
Rv3246c	ES
Rv3247c	ES
Rv3248c	ES
Rv3249c	NE
Rv3250c	NE
Rv3251c	NE
Rv3252c	GA
Rv3253c	NE
Rv3254	NE
Rv3255c	ES
Rv3256c	NE
Rv3257c	ES
Rv3258c	NE
Rv3259	NE
Rv3260c	ES
Rv3261	NE
Rv3262	NE
Rv3263	NE
Rv3264c	ES
Rv3265c	ES
Rv3266c	ES
Rv3267	NE
Rv3268	NE
Rv3269	NE
Rv3270	NE
Rv3271c	NE
Rv3272	NE
Rv3273	NE
Rv3274c	NE
Rv3275c	GD
Rv3276c	GD
Rv3277	ES
Rv3278c	GA
Rv3279c	ES
Rv3280	ES
Rv3281	ES
Rv3282	NE
Rv3283	NE
Rv3284	NE
Rv3285	ES
Rv3286c	GA
Rv3287c	GA
Rv3288c	GA
Rv3289c	GA
Rv3290c	GA
Rv3291c	NE
Rv3292	NE
Rv3293	NE
Rv3294c	NE
Rv3295	GA
Rv3296	NE
Rv3297	NE
Rv3298c	NE
Rv3299c	NE
Rv3300c	NE
Rv3301c	NE
Rv3302c	ES
Rv3303c	NE
Rv3304	NE
Rv3305c	NE
Rv3306c	NE
Rv3307	NE
Rv3308	NE
Rv3309c	NE
Rv3310	NE
Rv3311	NE
Rv3312c	NE
Rv3312A	NE
Rv3313c	NE
Rv3314c	NE
Rv3315c	NE
Rv3316	NE
Rv3317	NE
Rv3318	NE
Rv3319	NE
Rv3320c	NE
Rv3321c	Uncertain
Rv3322c	NE
Rv3323c	NE
Rv3324c	NE
Rv3325	NE
Rv3326	NE
Rv3327	NE
Rv3328c	NE
Rv3329	NE
Rv3330	NE
Rv3331	NE
Rv3332	NE
Rv3333c	NE
Rv3334	NE
Rv3335c	NE
Rv3336c	ES
Rv3337	NE
Rv3338	NE
Rv3339c	NE
Rv3340	NE
Rv3341	ES
Rv3342	NE
Rv3343c	NE
Rv3344c	NE
Rv3345c	NE
Rv3346c	GA
Rv3347c	GA
Rv3348	NE
Rv3349c	NE
Rv3350c	NE
Rv3351c	GA
Rv3352c	GA
Rv3353c	GA
Rv3354	GA
Rv3355c	GA
Rv3356c	ES
Rv3357	NE
Rv3358	NE
Rv3359	NE
Rv3360	NE
Rv3361c	NE
Rv3362c	NE
Rv3363c	NE
Rv3364c	NE
Rv3365c	NE
Rv3366	NE
Rv3367	NE
Rv3368c	NE
Rv3369	NE
Rv3370c	NE
Rv3371	NE
Rv3372	ES
Rv3373	NE
Rv3374	NE
Rv3375	NE
Rv3376	NE
Rv3377c	NE
Rv3378c	NE
Rv3379c	NE
Rv3380c	NE
Rv3381c	NE
Rv3382c	NE
Rv3383c	NE
Rv3384c	NE
Rv3385c	NE
Rv3386	NE
Rv3387	NE
Rv3388	NE
Rv3389c	NE
Rv3390	GA
Rv3391	NE
Rv3392c	NE
Rv3393	NE
Rv3394c	NE
Rv3395c	NE
Rv3395A	NE
Rv3396c	ES
Rv3397c	NE
Rv3398c	NE
Rv3399	NE
Rv3400	NE
Rv3401	NE
Rv3402c	GA
Rv3403c	GA
Rv3404c	GA
Rv3405c	NE
Rv3406	NE
Rv3407	GA
Rv3408	GA
Rv3409c	GA
Rv3410c	GD
Rv3411c	ES
Rv3412	NE
Rv3413c	NE
Rv3414c	NE
Rv3415c	NE
Rv3416	NE
Rv3417c	NE
Rv3418c	ES
Rv3419c	NE
Rv3420c	NE
Rv3421c	NE
Rv3422c	GD
Rv3423c	ES
Rv3424c	NE
Rv3425	NE
Rv3426	NE
Rv3427c	NE
Rv3428c	NE
Rv3429	NE
Rv3430c	NE
Rv3431c	NE
Rv3432c	GA
Rv3433c	GA
Rv3434c	GA
Rv3435c	NE
Rv3436c	ES
Rv3437	GA
Rv3438	GA
Rv3439c	GA
Rv3440c	GA
Rv3441c	ES
Rv3442c	ES
Rv3443c	ES
Rv3444c	NE
Rv3445c	NE
Rv3446c	NE
Rv3447c	NE
Rv3448	NE
Rv3449	NE
Rv3450c	NE
Rv3451	NE
Rv3452	NE
Rv3453	NE
Rv3454	NE
Rv3455c	GD
Rv3456c	GD
Rv3457c	ES
Rv3458c	ES
Rv3459c	Uncertain
Rv3460c	ES
Rv3461c	Uncertain
Rv3462c	GD
Rv3463	NE
Rv3464	ES
Rv3465	ES
Rv3466	NE
Rv3467	NE
Rv3468c	NE
Rv3469c	NE
Rv3470c	NE
Rv3471c	NE
Rv3472	NE
Rv3473c	NE
Rv3474	NE
Rv3475	NE
Rv3476c	NE
Rv3477	NE
Rv3478	NE
Rv3479	NE
Rv3480c	NE
Rv3481c	NE
Rv3482c	NE
Rv3483c	NE
Rv3484	GA
Rv3485c	GA
Rv3486	GA
Rv3487c	GA
Rv3488	NE
Rv3489	GD
Rv3490	GD
Rv3491	NE
Rv3492c	NE
Rv3493c	NE
Rv3494c	NE
Rv3495c	NE
Rv3496c	NE
Rv3497c	NE
Rv3498c	NE
Rv3499c	NE
Rv3500c	GA
Rv3501c	NE
Rv3502c	NE
Rv3503c	NE
Rv3504	NE
Rv3505	NE
Rv3506	NE
Rv3507	NE
Rv3508	NE
Rv3509c	NE
Rv3510c	NE
Rv3511	NE
Rv3512	NE
Rv3513c	GA
Rv3514	NE
Rv3515c	NE
Rv3516	NE
Rv3517	NE
Rv3518c	NE
Rv3519	NE
Rv3520c	NE
Rv3521	NE
Rv3522	NE
Rv3523	NE
Rv3524	GA
Rv3525c	GA
Rv3526	NE
Rv3527	NE
Rv3528c	NE
Rv3529c	NE
Rv3530c	NE
Rv3531c	NE
Rv3532	NE
Rv3533c	NE
Rv3534c	NE
Rv3535c	NE
Rv3536c	NE
Rv3537	NE
Rv3538	NE
Rv3539	NE
Rv3540c	NE
Rv3541c	NE
Rv3542c	NE
Rv3543c	NE
Rv3544c	NE
Rv3545c	NE
Rv3546	NE
Rv3547	NE
Rv3548c	NE
Rv3549c	NE
Rv3550	NE
Rv3551	NE
Rv3552	NE
Rv3553	NE
Rv3554	NE
Rv3555c	NE
Rv3556c	NE
Rv3557c	NE
Rv3558	NE
Rv3559c	NE
Rv3560c	NE
Rv3561	NE
Rv3562	NE
Rv3563	NE
Rv3564	NE
Rv3565	NE
Rv3566c	NE
Rv3566A	Uncertain
Rv3567c	NE
Rv3568c	NE
Rv3569c	NE
Rv3570c	NE
Rv3571	NE
Rv3572	NE
Rv3573c	NE
Rv3574	NE
Rv3575c	NE
Rv3576	NE
Rv3577	NE
Rv3578	NE
Rv3579c	ES
Rv3580c	ES
Rv3581c	ES
Rv3582c	ES
Rv3583c	GD
Rv3584	NE
Rv3585	NE
Rv3586	NE
Rv3587c	ES
Rv3588c	NE
Rv3589	NE
Rv3590c	NE
Rv3591c	NE
Rv3592	NE
Rv3593	NE
Rv3594	NE
Rv3595c	NE
Rv3596c	ES
Rv3597c	GD
Rv3598c	ES
Rv3599c	Uncertain
Rv3600c	NE
Rv3601c	ES
Rv3602c	ES
Rv3603c	ESD
Rv3604c	GD
Rv3605c	NE
Rv3606c	GD
Rv3607c	GD
Rv3608c	ESD
Rv3609c	ES
Rv3610c	NE
Rv3611	NE
Rv3612c	NE
Rv3613c	Uncertain
Rv3614c	NE
Rv3615c	NE
Rv3616c	NE
Rv3617	NE
Rv3618	NE
Rv3619c	NE
Rv3620c	NE
Rv3621c	NE
Rv3622c	NE
Rv3623	NE
Rv3624c	ES
Rv3625c	ES
Rv3626c	NE
Rv3627c	GD
Rv3628	ES
Rv3629c	NE
Rv3630	NE
Rv3631	NE
Rv3632	NE
Rv3633	NE
Rv3634c	ES
Rv3635	GD
Rv3636	NE
Rv3637	NE
Rv3638	NE
Rv3639c	NE
Rv3640c	NE
Rv3641c	NE
Rv3642c	NE
Rv3643	NE
Rv3644c	ES
Rv3645	ES
Rv3646c	ES
Rv3647c	NE
Rv3648c	NE
Rv3649	NE
Rv3650	NE
Rv3651	NE
Rv3652	NE
Rv3653	NE
Rv3654c	Uncertain
Rv3655c	NE
Rv3656c	NE
Rv3657c	NE
Rv3658c	NE
Rv3659c	NE
Rv3660c	NE
Rv3661	NE
Rv3662c	NE
Rv3663c	NE
Rv3664c	NE
Rv3665c	NE
Rv3666c	NE
Rv3667	NE
Rv3668c	NE
Rv3669	NE
Rv3670	NE
Rv3671c	NE
Rv3672c	NE
Rv3673c	NE
Rv3674c	NE
Rv3675	NE
Rv3676	Uncertain
Rv3677c	NE
Rv3678c	NE
Rv3678A	NE
Rv3679	NE
Rv3680	NE
Rv3681c	NE
Rv3682	GA
Rv3683	NE
Rv3684	NE
Rv3685c	NE
Rv3686c	NE
Rv3687c	NE
Rv3688c	NE
Rv3689	NE
Rv3690	NE
Rv3691	NE
Rv3692	NE
Rv3693	NE
Rv3694c	NE
Rv3695	NE
Rv3696c	NE
Rv3697c	NE
Rv3697A	NE
Rv3698	NE
Rv3699	NE
Rv3700c	NE
Rv3701c	NE
Rv3702c	NE
Rv3703c	NE
Rv3704c	NE
Rv3705c	NE
Rv3705A	NE
Rv3706c	NE
Rv3707c	NE
Rv3708c	GD
Rv3709c	ESD
Rv3710	ES
Rv3711c	NE
Rv3712	ES
Rv3713	ES
Rv3714c	NE
Rv3715c	NE
Rv3716c	NE
Rv3717	NE
Rv3718c	NE
Rv3719	NE
Rv3720	NE
Rv3721c	ES
Rv3722c	ES
Rv3723	NE
Rv3724A	NE
Rv3724B	NE
Rv3725	GA
Rv3726	GA
Rv3727	GA
Rv3728	NE
Rv3729	NE
Rv3730c	NE
Rv3731	NE
Rv3732	NE
Rv3733c	NE
Rv3734c	NE
Rv3735	NE
Rv3736	NE
Rv3737	NE
Rv3738c	GA
Rv3739c	GD
Rv3740c	GA
Rv3741c	GA
Rv3742c	GA
Rv3743c	NE
Rv3744	NE
Rv3745c	Uncertain
Rv3746c	NE
Rv3747	NE
Rv3748	NE
Rv3749c	NE
Rv3750c	NE
Rv3751	Uncertain
Rv3752c	ES
Rv3753c	NE
Rv3754	ES
Rv3755c	NE
Rv3756c	NE
Rv3757c	NE
Rv3758c	NE
Rv3759c	NE
Rv3760	NE
Rv3761c	NE
Rv3762c	NE
Rv3763	NE
Rv3764c	NE
Rv3765c	NE
Rv3766	NE
Rv3767c	NE
Rv3768	NE
Rv3769	Uncertain
Rv3770c	NE
Rv3770A	NE
Rv3770B	NE
Rv3771c	NE
Rv3772	NE
Rv3773c	NE
Rv3774	NE
Rv3775	NE
Rv3776	NE
Rv3777	NE
Rv3778c	GD
Rv3779	NE
Rv3780	ES
Rv3781	ES
Rv3782	ES
Rv3783	ES
Rv3784	GA
Rv3785	GA
Rv3786c	GA
Rv3787c	GA
Rv3788	GA
Rv3789	NE
Rv3790	ES
Rv3791	ES
Rv3792	ES
Rv3793	ES
Rv3794	ES
Rv3795	ES
Rv3796	NE
Rv3797	NE
Rv3798	NE
Rv3799c	ES
Rv3800c	ES
Rv3801c	ES
Rv3802c	ES
Rv3803c	NE
Rv3804c	NE
Rv3805c	ES
Rv3806c	ES
Rv3807c	NE
Rv3808c	ES
Rv3809c	ES
Rv3810	NE
Rv3811	NE
Rv3812	NE
Rv3813c	NE
Rv3814c	NE
Rv3815c	NE
Rv3816c	NE
Rv3817	NE
Rv3818	NE
Rv3819	NE
Rv3820c	NE
Rv3821	NE
Rv3822	NE
Rv3823c	NE
Rv3824c	NE
Rv3825c	NE
Rv3826	NE
Rv3827c	NE
Rv3828c	NE
Rv3829c	NE
Rv3830c	NE
Rv3831	NE
Rv3832c	NE
Rv3833	NE
Rv3834c	ES
Rv3835	NE
Rv3836	NE
Rv3837c	NE
Rv3838c	ES
Rv3839	GA
Rv3840	GA
Rv3841	NE
Rv3842c	GA
Rv3843c	ESD
Rv3844	NE
Rv3845	NE
Rv3846	ES
Rv3847	NE
Rv3848	NE
Rv3849	NE
Rv3850	NE
Rv3851	NE
Rv3852	NE
Rv3853	NE
Rv3854c	NE
Rv3855	NE
Rv3856c	NE
Rv3857c	NE
Rv3858c	ES
Rv3859c	ES
Rv3860	NE
Rv3861	Uncertain
Rv3862c	NE
Rv3863	ESD
Rv3864	NE
Rv3865	NE
Rv3866	NE
Rv3867	NE
Rv3868	NE
Rv3869	NE
Rv3870	NE
Rv3871	NE
Rv3872	NE
Rv3873	NE
Rv3874	NE
Rv3875	NE
Rv3876	NE
Rv3877	NE
Rv3878	GA
Rv3879c	GA
Rv3880c	GA
Rv3881c	GA
Rv3882c	GA
Rv3883c	NE
Rv3884c	NE
Rv3885c	NE
Rv3886c	NE
Rv3887c	NE
Rv3888c	NE
Rv3889c	NE
Rv3890c	NE
Rv3891c	NE
Rv3892c	NE
Rv3893c	NE
Rv3894c	NE
Rv3895c	NE
Rv3896c	NE
Rv3897c	NE
Rv3898c	NE
Rv3899c	NE
Rv3900c	NE
Rv3901c	GA
Rv3902c	ES
Rv3903c	NE
Rv3904c	Uncertain
Rv3905c	NE
Rv3906c	NE
Rv3907c	ES
Rv3908	NE
Rv3909	ES
Rv3910	ESD
Rv3911	NE
Rv3912	NE
Rv3913	ES
Rv3914	NE
Rv3915	ES
Rv3916c	NE
Rv3917c	ES
Rv3918c	ES
Rv3919c	NE
Rv3920c	NE
Rv3921c	ESD
Rv3922c	NE
Rv3923c	NE
Rv3924c	Uncertain
